service_no.,pax,queue_start,queue_end,table_no.,meal_start,meal_end,Guest_type,day_id,sheet_name,queue_start_min,queue_end_min,meal_start_min,meal_end_min,table_units,primary_zone,wait_time_min,dwell_time_min,is_walk_away,is_direct_seating,n_units,table_minutes
1,1.0,,,6,06:42:00,07:00:00,In house,Day A,133,,,402.0,420.0,"6A,6B",Indoor,,18.0,False,True,2,36.0
2,2.0,,,2,06:44:00,07:10:00,Walk in,Day A,133,,,404.0,430.0,"2A,2B",Indoor,,26.0,False,True,2,52.0
3,2.0,,,7A,07:05:00,08:08:00,Walk in,Day A,133,,,425.0,488.0,7A,Outdoor,,63.0,False,True,1,63.0
4,1.0,,,8A,07:20:00,08:18:00,In house,Day A,133,,,440.0,498.0,8A,Outdoor,,58.0,False,True,1,58.0
5,1.0,,,10A,07:25:00,07:45:00,In house,Day A,133,,,445.0,465.0,10A,Outdoor,,20.0,False,True,1,20.0
6,1.0,,,8B,07:28:00,08:20:00,In house,Day A,133,,,448.0,500.0,8B,Outdoor,,52.0,False,True,1,52.0
7,1.0,,,9,07:33:00,08:05:00,In house,Day A,133,,,453.0,485.0,"9A,9B,9C",Outdoor,,32.0,False,True,3,96.0
8,5.0,,,4,07:42:00,08:40:00,Walk in,Day A,133,,,462.0,520.0,"4A,4B",Indoor,,58.0,False,True,2,116.0
9,4.0,,,11,07:48:00,08:21:00,In house,Day A,133,,,468.0,501.0,"11A,11B",Outdoor,,33.0,False,True,2,66.0
10,2.0,,,16,07:48:00,08:35:00,In house,Day A,133,,,468.0,515.0,16,Unknown,,47.0,False,True,1,47.0
11,2.0,,,6,07:50:00,08:48:00,Walk in,Day A,133,,,470.0,528.0,"6A,6B",Indoor,,58.0,False,True,2,116.0
12,1.0,,,7B,07:56:00,08:15:00,In house,Day A,133,,,476.0,495.0,7B,Outdoor,,19.0,False,True,1,19.0
13,1.0,,,10A,07:59:00,08:35:00,In house,Day A,133,,,479.0,515.0,10A,Outdoor,,36.0,False,True,1,36.0
14,1.0,,,1,08:00:00,09:19:00,Walk in,Day A,133,,,480.0,559.0,"1A,1B",Indoor,,79.0,False,True,2,158.0
15,1.0,,,8C,08:03:00,08:27:00,Walk in,Day A,133,,,483.0,507.0,8C,Outdoor,,24.0,False,True,1,24.0
16,2.0,,,12,08:05:00,08:25:00,In house,Day A,133,,,485.0,505.0,12,Outdoor,,20.0,False,True,1,20.0
17,1.0,,,14,08:14:00,09:03:00,In house,Day A,133,,,494.0,543.0,14,Outdoor,,49.0,False,True,1,49.0
18,2.0,,,7A,08:15:00,09:30:00,Walk in,Day A,133,,,495.0,570.0,7A,Outdoor,,75.0,False,True,1,75.0
19,1.0,,,15A,08:16:00,09:05:00,In house,Day A,133,,,496.0,545.0,15A,Outdoor,,49.0,False,True,1,49.0
20,1.0,,,10B,08:19:00,08:35:00,In house,Day A,133,,,499.0,515.0,10B,Outdoor,,16.0,False,True,1,16.0
21,4.0,,,3,08:24:00,10:46:00,Walk in,Day A,133,,,504.0,646.0,"3A,3B",Indoor,,142.0,False,True,2,284.0
22,2.0,,,5,08:25:00,09:22:00,In house,Day A,133,,,505.0,562.0,"5A,5B",Indoor,,57.0,False,True,2,114.0
23,2.0,,,2,08:25:00,10:12:00,Walk in,Day A,133,,,505.0,612.0,"2A,2B",Indoor,,107.0,False,True,2,214.0
24,1.0,,,8A,08:33:00,09:30:00,Walk in,Day A,133,,,513.0,570.0,8A,Outdoor,,57.0,False,True,1,57.0
25,1.0,,,11A,08:41:00,09:25:00,Walk in,Day A,133,,,521.0,565.0,11A,Outdoor,,44.0,False,True,1,44.0
26,1.0,,,16,08:43:00,09:35:00,Walk in,Day A,133,,,523.0,575.0,16,Unknown,,52.0,False,True,1,52.0
27,1.0,,,12,08:47:00,09:18:00,In house,Day A,133,,,527.0,558.0,12,Outdoor,,31.0,False,True,1,31.0
28,2.0,,,10A,08:53:00,09:28:00,In house,Day A,133,,,533.0,568.0,10A,Outdoor,,35.0,False,True,1,35.0
29,1.0,,,7B,08:53:00,09:13:00,In house,Day A,133,,,533.0,553.0,7B,Outdoor,,20.0,False,True,1,20.0
30,3.0,,,6,09:00:00,09:33:00,In house,Day A,133,,,540.0,573.0,"6A,6B",Indoor,,33.0,False,True,2,66.0
31,2.0,,,4,09:05:00,10:00:00,Walk in,Day A,133,,,545.0,600.0,"4A,4B",Indoor,,55.0,False,True,2,110.0
32,2.0,,,8B,09:05:00,09:39:00,In house,Day A,133,,,545.0,579.0,8B,Outdoor,,34.0,False,True,1,34.0
33,2.0,,,15A,09:07:00,10:07:00,Walk in,Day A,133,,,547.0,607.0,15A,Outdoor,,60.0,False,True,1,60.0
34,2.0,,,8A,09:08:00,10:09:00,In house,Day A,133,,,548.0,609.0,8A,Outdoor,,61.0,False,True,1,61.0
35,2.0,,,8,09:16:00,10:06:00,Walk in,Day A,133,,,556.0,606.0,"8A,8B,8C",Outdoor,,50.0,False,True,3,150.0
36,1.0,,,12,09:23:00,09:57:00,In house,Day A,133,,,563.0,597.0,12,Outdoor,,34.0,False,True,1,34.0
37,1.0,,,7C,08:28:00,09:30:00,In house,Day A,133,,,508.0,570.0,7C,Outdoor,,62.0,False,True,1,62.0
38,1.0,,,11A,09:30:00,10:05:00,In house,Day A,133,,,570.0,605.0,11A,Outdoor,,35.0,False,True,1,35.0
39,3.0,,,1,09:36:00,10:50:00,In house,Day A,133,,,576.0,650.0,"1A,1B",Indoor,,74.0,False,True,2,148.0
40,2.0,,,5,09:34:00,10:40:00,Walk in,Day A,133,,,574.0,640.0,"5A,5B",Indoor,,66.0,False,True,2,132.0
41,2.0,,,6,09:42:00,10:30:00,In house,Day A,133,,,582.0,630.0,"6A,6B",Indoor,,48.0,False,True,2,96.0
42,1.0,,,7A,09:53:00,11:00:00,Walk in,Day A,133,,,593.0,660.0,7A,Outdoor,,67.0,False,True,1,67.0
43,2.0,,,16,09:55:00,10:34:00,In house,Day A,133,,,595.0,634.0,16,Unknown,,39.0,False,True,1,39.0
44,2.0,,,7B,10:03:00,10:35:00,In house,Day A,133,,,603.0,635.0,7B,Outdoor,,32.0,False,True,1,32.0
45,2.0,,,12,10:05:00,11:06:00,In house,Day A,133,,,605.0,666.0,12,Outdoor,,61.0,False,True,1,61.0
46,2.0,,,10A,10:08:00,10:50:00,In house,Day A,133,,,608.0,650.0,10A,Outdoor,,42.0,False,True,1,42.0
47,2.0,,,8B,10:10:00,11:10:00,Walk in,Day A,133,,,610.0,670.0,8B,Outdoor,,60.0,False,True,1,60.0
48,2.0,,,4,10:20:00,10:57:00,In house,Day A,133,,,620.0,657.0,"4A,4B",Indoor,,37.0,False,True,2,74.0
49,2.0,,,2,10:32:00,11:00:00,Walk in,Day A,133,,,632.0,660.0,"2A,2B",Indoor,,28.0,False,True,2,56.0
50,2.0,,,6,10:35:00,11:20:00,Walk in,Day A,133,,,635.0,680.0,"6A,6B",Indoor,,45.0,False,True,2,90.0
51,2.0,,,5,10:45:00,11:27:00,In house,Day A,133,,,645.0,687.0,"5A,5B",Indoor,,42.0,False,True,2,84.0
52,2.0,,,9,10:53:00,11:57:00,Walk in,Day A,133,,,653.0,717.0,"9A,9B,9C",Outdoor,,64.0,False,True,3,192.0
53,2.0,,,1,10:58:00,11:57:00,Walk in,Day A,133,,,658.0,717.0,"1A,1B",Indoor,,59.0,False,True,2,118.0
54,2.0,,,4,11:00:00,12:03:00,Walk in,Day A,133,,,660.0,723.0,"4A,4B",Indoor,,63.0,False,True,2,126.0
55,2.0,,,16,11:00:00,11:45:00,Walk in,Day A,133,,,660.0,705.0,16,Unknown,,45.0,False,True,1,45.0
56,2.0,,,3,11:15:00,11:43:00,In house,Day A,133,,,675.0,703.0,"3A,3B",Indoor,,28.0,False,True,2,56.0
57,2.0,,,2,11:16:00,12:00:00,Walk in,Day A,133,,,676.0,720.0,"2A,2B",Indoor,,44.0,False,True,2,88.0
1,1.0,,,5B,06:29:00,10:14:00,Walk in,Day B,143,,,389.0,614.0,5B,Indoor,,225.0,False,True,1,225.0
2,2.0,,,7A,06:32:00,08:02:00,Walk in,Day B,143,,,392.0,482.0,7A,Outdoor,,90.0,False,True,1,90.0
3,1.0,,,1A,06:33:00,07:47:00,Walk in,Day B,143,,,393.0,467.0,1A,Indoor,,74.0,False,True,1,74.0
4,4.0,,,4B,06:33:00,08:09:00,Walk in,Day B,143,,,393.0,489.0,4B,Indoor,,96.0,False,True,1,96.0
5,2.0,,,16,06:36:00,07:45:00,Walk in,Day B,143,,,396.0,465.0,16,Unknown,,69.0,False,True,1,69.0
6,1.0,,,3,06:44:00,07:16:00,Walk in,Day B,143,,,404.0,436.0,"3A,3B",Indoor,,32.0,False,True,2,64.0
7,1.0,,,6,06:44:00,08:27:00,Walk in,Day B,143,,,404.0,507.0,"6A,6B",Indoor,,103.0,False,True,2,206.0
8,1.0,,,11,06:44:00,07:48:00,Walk in,Day B,143,,,404.0,468.0,"11A,11B",Outdoor,,64.0,False,True,2,128.0
9,2.0,,,4A,06:48:00,07:50:00,Walk in,Day B,143,,,408.0,470.0,4A,Indoor,,62.0,False,True,1,62.0
10,1.0,07:07:00,07:15:00,3B,07:17:00,09:26:00,Walk in,Day B,143,427.0,435.0,437.0,566.0,3B,Indoor,8.0,129.0,False,False,1,129.0
11,1.0,,,11,07:08:00,07:50:00,Walk in,Day B,143,,,428.0,470.0,"11A,11B",Outdoor,,42.0,False,True,2,84.0
12,2.0,,,8B,07:15:00,08:27:00,In house,Day B,143,,,435.0,507.0,8B,Outdoor,,72.0,False,True,1,72.0
13,2.0,,,8C,07:25:00,08:27:00,In house,Day B,143,,,445.0,507.0,8C,Outdoor,,62.0,False,True,1,62.0
14,1.0,,,8A,07:26:00,08:36:00,Walk in,Day B,143,,,446.0,516.0,8A,Outdoor,,70.0,False,True,1,70.0
15,2.0,,,7B,07:28:00,08:19:00,In house,Day B,143,,,448.0,499.0,7B,Outdoor,,51.0,False,True,1,51.0
16,4.0,,,15,07:29:00,08:38:00,Walk in,Day B,143,,,449.0,518.0,15,Outdoor,,69.0,False,True,1,69.0
17,2.0,,,9A,07:35:00,08:07:00,In house,Day B,143,,,455.0,487.0,9A,Outdoor,,32.0,False,True,1,32.0
18,2.0,,,14,07:38:00,08:30:00,In house,Day B,143,,,458.0,510.0,14,Outdoor,,52.0,False,True,1,52.0
19,2.0,,,12,07:40:00,09:31:00,Walk in,Day B,143,,,460.0,571.0,12,Outdoor,,111.0,False,True,1,111.0
20,1.0,,,7C,07:47:00,08:13:00,Walk in,Day B,143,,,467.0,493.0,7C,Outdoor,,26.0,False,True,1,26.0
21,2.0,,,16,07:49:00,08:12:00,In house,Day B,143,,,469.0,492.0,16,Unknown,,23.0,False,True,1,23.0
22,3.0,,,11,07:51:00,10:15:00,Walk in,Day B,143,,,471.0,615.0,"11A,11B",Outdoor,,144.0,False,True,2,288.0
23,1.0,,,1A,07:55:00,08:19:00,In house,Day B,143,,,475.0,499.0,1A,Indoor,,24.0,False,True,1,24.0
24,2.0,,,10B,07:57:00,08:25:00,In house,Day B,143,,,477.0,505.0,10B,Outdoor,,28.0,False,True,1,28.0
25,2.0,,,9B,08:02:00,08:36:00,In house,Day B,143,,,482.0,516.0,9B,Outdoor,,34.0,False,True,1,34.0
26,4.0,,,2,08:05:00,09:21:00,Walk in,Day B,143,,,485.0,561.0,"2A,2B",Indoor,,76.0,False,True,2,152.0
27,2.0,,,4A,08:06:00,08:28:00,Walk in,Day B,143,,,486.0,508.0,4A,Indoor,,22.0,False,True,1,22.0
28,1.0,,,1B,08:12:00,08:48:00,In house,Day B,143,,,492.0,528.0,1B,Indoor,,36.0,False,True,1,36.0
29,4.0,,,4B,08:13:00,08:50:00,In house,Day B,143,,,493.0,530.0,4B,Indoor,,37.0,False,True,1,37.0
30,2.0,,,7A,08:14:00,09:46:00,Walk in,Day B,143,,,494.0,586.0,7A,Outdoor,,92.0,False,True,1,92.0
31,1.0,,,1A,08:20:00,09:41:00,Walk in,Day B,143,,,500.0,581.0,1A,Indoor,,81.0,False,True,1,81.0
32,2.0,,,16,08:17:00,09:30:00,Walk in,Day B,143,,,497.0,570.0,16,Unknown,,73.0,False,True,1,73.0
33,4.0,,,6,08:29:00,09:46:00,Walk in,Day B,143,,,509.0,586.0,"6A,6B",Indoor,,77.0,False,True,2,154.0
34,2.0,,,7C,08:20:00,10:00:00,Walk in,Day B,143,,,500.0,600.0,7C,Outdoor,,100.0,False,True,1,100.0
35,1.0,,,7B,08:23:00,08:48:00,In house,Day B,143,,,503.0,528.0,7B,Outdoor,,25.0,False,True,1,25.0
36,2.0,,,9A,08:23:00,09:12:00,Walk in,Day B,143,,,503.0,552.0,9A,Outdoor,,49.0,False,True,1,49.0
37,2.0,08:25:00,08:48:00,1B,08:48:00,10:05:00,Walk in,Day B,143,505.0,528.0,528.0,605.0,1B,Indoor,23.0,77.0,False,False,1,77.0
38,2.0,,,8B,08:29:00,10:21:00,Walk in,Day B,143,,,509.0,621.0,8B,Outdoor,,112.0,False,True,1,112.0
39,1.0,,,10B,08:34:00,10:49:00,Walk in,Day B,143,,,514.0,649.0,10B,Outdoor,,135.0,False,True,1,135.0
40,5.0,,,13-14,08:43:00,09:50:00,In house,Day B,143,,,523.0,590.0,"13,14",Outdoor,,67.0,False,True,2,134.0
41,1.0,,,10A,08:46:00,09:24:00,In house,Day B,143,,,526.0,564.0,10A,Outdoor,,38.0,False,True,1,38.0
42,2.0,,,9B,08:50:00,09:17:00,Walk in,Day B,143,,,530.0,557.0,9B,Outdoor,,27.0,False,True,1,27.0
43,4.0,,,15,08:51:00,09:41:00,Walk in,Day B,143,,,531.0,581.0,15,Outdoor,,50.0,False,True,1,50.0
44,2.0,,,3B,08:52:00,09:25:00,In house,Day B,143,,,532.0,565.0,3B,Indoor,,33.0,False,True,1,33.0
45,1.0,,,8C,08:54:00,09:30:00,In house,Day B,143,,,534.0,570.0,8C,Outdoor,,36.0,False,True,1,36.0
46,2.0,,,7B,08:55:00,09:35:00,In house,Day B,143,,,535.0,575.0,7B,Outdoor,,40.0,False,True,1,40.0
47,1.0,08:56:00,09:00:00,8A,09:00:00,10:09:00,Walk in,Day B,143,536.0,540.0,540.0,609.0,8A,Outdoor,4.0,69.0,False,False,1,69.0
48,1.0,08:56:00,09:12:00,9A,09:12:00,11:00:00,Walk in,Day B,143,536.0,552.0,552.0,660.0,9A,Outdoor,16.0,108.0,False,False,1,108.0
49,3.0,09:08:00,09:23:00,1B-2A,09:23:00,10:08:00,Walk in,Day B,143,548.0,563.0,563.0,608.0,"1B,2A",Indoor,15.0,45.0,False,False,2,90.0
50,1.0,09:09:00,09:24:00,10A,09:24:00,09:45:00,Walk in,Day B,143,549.0,564.0,564.0,585.0,10A,Outdoor,15.0,21.0,False,False,1,21.0
51,2.0,09:10:00,09:20:00,99,09:20:00,09:44:00,In house,Day B,143,550.0,560.0,560.0,584.0,99,Queueing Area,10.0,24.0,False,False,1,24.0
52,2.0,09:10:00,09:25:00,3B,09:25:00,09:52:00,In house,Day B,143,550.0,565.0,565.0,592.0,3B,Indoor,15.0,27.0,False,False,1,27.0
53,2.0,09:11:00,09:43:00,15,09:43:00,10:18:00,In house,Day B,143,551.0,583.0,583.0,618.0,15,Outdoor,32.0,35.0,False,False,1,35.0
54,2.0,09:14:00,09:30:00,4A,09:30:00,09:52:00,In house,Day B,143,554.0,570.0,570.0,592.0,4A,Indoor,16.0,22.0,False,False,1,22.0
55,1.0,09:15:00,09:36:00,9B,09:36:00,11:48:00,Walk in,Day B,143,555.0,576.0,576.0,708.0,9B,Outdoor,21.0,132.0,False,False,1,132.0
56,2.0,09:15:00,09:38:00,13,09:38:00,10:21:00,In house,Day B,143,555.0,578.0,578.0,621.0,13,Outdoor,23.0,43.0,False,False,1,43.0
57,2.0,09:21:00,09:39:00,7B,09:39:00,10:27:00,Walk in,Day B,143,561.0,579.0,579.0,627.0,7B,Outdoor,18.0,48.0,False,False,1,48.0
58,1.0,09:21:00,09:42:00,,,,In house,Day B,143,561.0,582.0,,,,Unknown,21.0,,True,False,0,
59,2.0,09:22:00,09:42:00,1A,09:42:00,11:03:00,Walk in,Day B,143,562.0,582.0,582.0,663.0,1A,Indoor,20.0,81.0,False,False,1,81.0
60,1.0,09:31:00,09:48:00,7A,09:48:00,11:21:00,Walk in,Day B,143,571.0,588.0,588.0,681.0,7A,Outdoor,17.0,93.0,False,False,1,93.0
61,2.0,09:32:00,09:54:00,4A,09:54:00,10:56:00,Walk in,Day B,143,572.0,594.0,594.0,656.0,4A,Indoor,22.0,62.0,False,False,1,62.0
62,2.0,09:36:00,09:51:00,4B,09:51:00,11:23:00,Walk in,Day B,143,576.0,591.0,591.0,683.0,4B,Indoor,15.0,92.0,False,False,1,92.0
63,2.0,09:40:00,09:52:00,5A,09:52:00,10:40:00,Walk in,Day B,143,580.0,592.0,592.0,640.0,5A,Indoor,12.0,48.0,False,False,1,48.0
64,3.0,,,2B-3A,09:57:00,11:28:00,Walk in,Day B,143,,,597.0,688.0,"2B,3A",Indoor,,91.0,False,True,2,182.0
65,2.0,,,10A,09:59:00,10:45:00,Walk in,Day B,143,,,599.0,645.0,10A,Outdoor,,46.0,False,True,1,46.0
66,2.0,,,14,10:00:00,11:27:00,Walk in,Day B,143,,,600.0,687.0,14,Outdoor,,87.0,False,True,1,87.0
67,2.0,,,6,10:04:00,11:25:00,Walk in,Day B,143,,,604.0,685.0,"6A,6B",Indoor,,81.0,False,True,2,162.0
68,2.0,,,7C,10:05:00,11:21:00,Walk in,Day B,143,,,605.0,681.0,7C,Outdoor,,76.0,False,True,1,76.0
69,1.0,,,8A,10:11:00,10:22:00,Walk in,Day B,143,,,611.0,622.0,8A,Outdoor,,11.0,False,True,1,11.0
70,2.0,,,13,10:12:00,11:00:00,In house,Day B,143,,,612.0,660.0,13,Outdoor,,48.0,False,True,1,48.0
71,2.0,,,11,10:16:00,10:38:00,In house,Day B,143,,,616.0,638.0,"11A,11B",Outdoor,,22.0,False,True,2,44.0
72,1.0,,,5B,10:14:00,11:37:00,Walk in,Day B,143,,,614.0,697.0,5B,Indoor,,83.0,False,True,1,83.0
73,1.0,,,16,10:19:00,10:42:00,Walk in,Day B,143,,,619.0,642.0,16,Unknown,,23.0,False,True,1,23.0
74,1.0,,,8B,10:23:00,11:23:00,Walk in,Day B,143,,,623.0,683.0,8B,Outdoor,,60.0,False,True,1,60.0
75,2.0,,,8A,10:25:00,11:05:00,In house,Day B,143,,,625.0,665.0,8A,Outdoor,,40.0,False,True,1,40.0
76,2.0,,,8C,10:26:00,11:19:00,Walk in,Day B,143,,,626.0,679.0,8C,Outdoor,,53.0,False,True,1,53.0
77,2.0,,,7B,10:30:00,12:00:00,Walk in,Day B,143,,,630.0,720.0,7B,Outdoor,,90.0,False,True,1,90.0
78,3.0,,,1B-2A,10:41:00,11:54:00,Walk in,Day B,143,,,641.0,714.0,"1B,2A",Indoor,,73.0,False,True,2,146.0
79,1.0,,,16,11:00:00,11:29:00,Walk in,Day B,143,,,660.0,689.0,16,Unknown,,29.0,False,True,1,29.0
80,2.0,,,1A,11:24:00,12:25:00,In house,Day B,143,,,684.0,745.0,1A,Indoor,,61.0,False,True,1,61.0
81,2.0,,,6,11:45:00,12:31:00,Walk in,Day B,143,,,705.0,751.0,"6A,6B",Indoor,,46.0,False,True,2,92.0
1,2.0,,,10B,06:50:00,08:08:00,Walk in,Day C,153,,,410.0,488.0,10B,Outdoor,,78.0,False,True,1,78.0
2,1.0,,,1,06:53:00,07:50:00,Walk in,Day C,153,,,413.0,470.0,"1A,1B",Indoor,,57.0,False,True,2,114.0
3,1.0,,,7A,06:57:00,08:45:00,Walk in,Day C,153,,,417.0,525.0,7A,Outdoor,,108.0,False,True,1,108.0
4,3.0,,,3B,07:02:00,08:00:00,Walk in,Day C,153,,,422.0,480.0,3B,Indoor,,58.0,False,True,1,58.0
5,2.0,,,4A,07:12:00,08:12:00,Walk in,Day C,153,,,432.0,492.0,4A,Indoor,,60.0,False,True,1,60.0
6,2.0,,,5B,07:13:00,08:05:00,In house,Day C,153,,,433.0,485.0,5B,Indoor,,52.0,False,True,1,52.0
7,0.0,,,11A,07:15:00,10:00:00,Walk in,Day C,153,,,435.0,600.0,11A,Outdoor,,165.0,False,True,1,165.0
8,3.0,,,6,07:35:00,09:14:00,Walk in,Day C,153,,,455.0,554.0,"6A,6B",Indoor,,99.0,False,True,2,198.0
9,1.0,,,7B,07:35:00,08:00:00,In house,Day C,153,,,455.0,480.0,7B,Outdoor,,25.0,False,True,1,25.0
10,3.0,,,2,07:49:00,09:10:00,Walk in,Day C,153,,,469.0,550.0,"2A,2B",Indoor,,81.0,False,True,2,162.0
11,2.0,,,1A,07:51:00,09:27:00,Walk in,Day C,153,,,471.0,567.0,1A,Indoor,,96.0,False,True,1,96.0
12,1.0,,,16,07:59:00,09:35:00,Walk in,Day C,153,,,479.0,575.0,16,Unknown,,96.0,False,True,1,96.0
13,2.0,,,8B,07:59:00,08:27:00,In house,Day C,153,,,479.0,507.0,8B,Outdoor,,28.0,False,True,1,28.0
14,4.0,,,15,08:00:00,10:46:00,Walk in,Day C,153,,,480.0,646.0,15,Outdoor,,166.0,False,True,1,166.0
15,2.0,,,1B,08:02:00,09:20:00,Walk in,Day C,153,,,482.0,560.0,1B,Indoor,,78.0,False,True,1,78.0
16,1.0,,,8C,08:03:00,09:22:00,Walk in,Day C,153,,,483.0,562.0,8C,Outdoor,,79.0,False,True,1,79.0
17,3.0,,,3B,08:04:00,09:24:00,Walk in,Day C,153,,,484.0,564.0,3B,Indoor,,80.0,False,True,1,80.0
18,4.0,,,13-14,08:05:00,09:50:00,In house,Day C,153,,,485.0,590.0,"13,14",Outdoor,,105.0,False,True,2,210.0
19,2.0,,,4B,08:10:00,10:30:00,Walk in,Day C,153,,,490.0,630.0,4B,Indoor,,140.0,False,True,1,140.0
20,2.0,,,10A,08:10:00,09:54:00,Walk in,Day C,153,,,490.0,594.0,10A,Outdoor,,104.0,False,True,1,104.0
21,0.0,,,4A,08:12:00,11:05:00,In house,Day C,153,,,492.0,665.0,4A,Indoor,,173.0,False,True,1,173.0
22,2.0,,,9,08:12:00,09:50:00,In house,Day C,153,,,492.0,590.0,"9A,9B,9C",Outdoor,,98.0,False,True,3,294.0
23,2.0,,,4A,09:13:00,09:42:00,Walk in,Day C,153,,,553.0,582.0,4A,Indoor,,29.0,False,True,1,29.0
24,2.0,,,10B,08:14:00,10:15:00,Walk in,Day C,153,,,494.0,615.0,10B,Outdoor,,121.0,False,True,1,121.0
25,2.0,,,12,08:15:00,10:07:00,Walk in,Day C,153,,,495.0,607.0,12,Outdoor,,112.0,False,True,1,112.0
26,2.0,,,7C,08:16:00,09:33:00,Walk in,Day C,153,,,496.0,573.0,7C,Outdoor,,77.0,False,True,1,77.0
27,2.0,,,7B,08:16:00,09:12:00,Walk in,Day C,153,,,496.0,552.0,7B,Outdoor,,56.0,False,True,1,56.0
28,0.0,08:16:00,09:04:00,,,,In house,Day C,153,496.0,544.0,,,,Unknown,48.0,,True,False,0,
29,2.0,08:16:00,09:05:00,11B,09:05:00,11:35:00,Walk in,Day C,153,496.0,545.0,545.0,695.0,11B,Outdoor,49.0,150.0,False,False,1,150.0
30,2.0,08:16:00,08:29:00,8B,08:29:00,09:00:00,In house,Day C,153,496.0,509.0,509.0,540.0,8B,Outdoor,13.0,31.0,False,False,1,31.0
31,1.0,08:17:00,08:45:00,7A,08:45:00,09:30:00,In house,Day C,153,497.0,525.0,525.0,570.0,7A,Outdoor,28.0,45.0,False,False,1,45.0
32,3.0,08:18:00,09:10:00,2,09:10:00,10:33:00,Walk in,Day C,153,498.0,550.0,550.0,633.0,"2A,2B",Indoor,52.0,83.0,False,False,2,166.0
33,3.0,08:20:00,09:13:00,3,09:13:00,10:20:00,Walk in,Day C,153,500.0,553.0,553.0,620.0,"3A,3B",Indoor,53.0,67.0,False,False,2,134.0
34,2.0,08:30:00,09:15:00,7B,09:15:00,09:41:00,Walk in,Day C,153,510.0,555.0,555.0,581.0,7B,Outdoor,45.0,26.0,False,False,1,26.0
35,4.0,08:35:00,09:16:00,6,09:16:00,10:03:00,Walk in,Day C,153,515.0,556.0,556.0,603.0,"6A,6B",Indoor,41.0,47.0,False,False,2,94.0
36,4.0,08:40:00,09:27:00,4B/5A,09:27:00,10:44:00,Walk in,Day C,153,520.0,567.0,567.0,644.0,"4B,5A",Indoor,47.0,77.0,False,False,2,154.0
37,2.0,08:44:00,09:20:00,,,,In house,Day C,153,524.0,560.0,,,,Unknown,36.0,,True,False,0,
38,3.0,08:46:00,09:50:00,9,09:50:00,12:00:00,Walk in,Day C,153,526.0,590.0,590.0,720.0,"9A,9B,9C",Outdoor,64.0,130.0,False,False,3,390.0
39,1.0,08:48:00,09:00:00,8B,09:00:00,10:52:00,Walk in,Day C,153,528.0,540.0,540.0,652.0,8B,Outdoor,12.0,112.0,False,False,1,112.0
40,0.0,08:50:00,09:20:00,,,,In house,Day C,153,530.0,560.0,,,,Unknown,30.0,,True,False,0,
41,1.0,08:53:00,09:25:00,1B,09:25:00,10:01:00,Walk in,Day C,153,533.0,565.0,565.0,601.0,1B,Indoor,32.0,36.0,False,False,1,36.0
42,1.0,08:54:00,09:25:00,1A,09:25:00,10:05:00,In house,Day C,153,534.0,565.0,565.0,605.0,1A,Indoor,31.0,40.0,False,False,1,40.0
43,2.0,08:57:00,09:25:00,8C,09:25:00,11:41:00,Walk in,Day C,153,537.0,565.0,565.0,701.0,8C,Outdoor,28.0,136.0,False,False,1,136.0
44,3.0,08:58:00,09:33:00,7A,09:33:00,10:44:00,Walk in,Day C,153,538.0,573.0,573.0,644.0,7A,Outdoor,35.0,71.0,False,False,1,71.0
45,2.0,08:16:00,09:07:00,8A,09:07:00,09:47:00,Walk in,Day C,153,496.0,547.0,547.0,587.0,8A,Outdoor,51.0,40.0,False,False,1,40.0
46,2.0,09:08:00,09:40:00,16,09:40:00,10:13:00,In house,Day C,153,548.0,580.0,580.0,613.0,16,Unknown,32.0,33.0,False,False,1,33.0
47,3.0,09:08:00,10:05:00,6,10:05:00,12:00:00,Walk in,Day C,153,548.0,605.0,605.0,720.0,"6A,6B",Indoor,57.0,115.0,False,False,2,230.0
48,2.0,09:10:00,09:17:00,,,,In house,Day C,153,550.0,557.0,,,,Unknown,7.0,,True,False,0,
49,0.0,09:10:00,09:55:00,,,,Walk in,Day C,153,550.0,595.0,,,,Unknown,45.0,,True,False,0,
50,5.0,09:10:00,09:55:00,4A/11B,09:55:00,11:25:00,Walk in,Day C,153,550.0,595.0,595.0,685.0,"4A,11B",Cross-Zone,45.0,90.0,False,False,2,180.0
51,1.0,09:17:00,10:05:00,1A,10:05:00,11:14:00,In house,Day C,153,557.0,605.0,605.0,674.0,1A,Indoor,48.0,69.0,False,False,1,69.0
52,3.0,09:25:00,10:09:00,12,10:09:00,11:20:00,Walk in,Day C,153,565.0,609.0,609.0,680.0,12,Outdoor,44.0,71.0,False,False,1,71.0
53,3.0,09:25:00,10:11:00,11A,10:11:00,11:35:00,Walk in,Day C,153,565.0,611.0,611.0,695.0,11A,Outdoor,46.0,84.0,False,False,1,84.0
54,5.0,09:33:00,10:17:00,16,10:17:00,11:00:00,In house,Day C,153,573.0,617.0,617.0,660.0,16,Unknown,44.0,43.0,False,False,1,43.0
55,4.0,09:35:00,10:30:00,,,,In house,Day C,153,575.0,630.0,,,,Unknown,55.0,,True,False,0,
56,2.0,09:36:00,10:35:00,2,10:35:00,11:10:00,Walk in,Day C,153,576.0,635.0,635.0,670.0,"2A,2B",Indoor,59.0,35.0,False,False,2,70.0
57,1.0,09:37:00,10:45:00,7A,10:45:00,11:15:00,Walk in,Day C,153,577.0,645.0,645.0,675.0,7A,Outdoor,68.0,30.0,False,False,1,30.0
58,2.0,09:37:00,09:48:00,,,,Walk in,Day C,153,577.0,588.0,,,,Unknown,11.0,,True,False,0,
59,2.0,09:38:00,10:45:00,4B/5A,10:45:00,11:30:00,In house,Day C,153,578.0,645.0,645.0,690.0,"4B,5A",Indoor,67.0,45.0,False,False,2,90.0
60,0.0,09:40:00,10:48:00,,,,Walk in,Day C,153,580.0,648.0,,,,Unknown,68.0,,True,False,0,
61,2.0,09:42:00,10:50:00,15A,10:50:00,11:55:00,Walk in,Day C,153,582.0,650.0,650.0,715.0,15A,Outdoor,68.0,65.0,False,False,1,65.0
62,2.0,09:45:00,10:50:00,15B,10:50:00,11:26:00,Walk in,Day C,153,585.0,650.0,650.0,686.0,15B,Outdoor,65.0,36.0,False,False,1,36.0
63,2.0,09:46:00,10:55:00,8B,10:55:00,12:07:00,In house,Day C,153,586.0,655.0,655.0,727.0,8B,Outdoor,69.0,72.0,False,False,1,72.0
64,2.0,09:47:00,11:03:00,7C,11:03:00,11:43:00,Walk in,Day C,153,587.0,663.0,663.0,703.0,7C,Outdoor,76.0,40.0,False,False,1,40.0
65,2.0,09:57:00,11:05:00,,,,Walk in,Day C,153,597.0,665.0,,,,Unknown,68.0,,True,False,0,
66,4.0,10:07:00,11:05:00,3,11:05:00,12:25:00,Walk in,Day C,153,607.0,665.0,665.0,745.0,"3A,3B",Indoor,58.0,80.0,False,False,2,160.0
67,2.0,10:15:00,11:06:00,10A,10:06:00,12:06:00,Walk in,Day C,153,615.0,666.0,606.0,726.0,10A,Outdoor,51.0,120.0,False,False,1,120.0
68,2.0,09:10:00,10:30:00,5B,10:30:00,12:10:00,Walk in,Day C,153,550.0,630.0,630.0,730.0,5B,Indoor,80.0,100.0,False,False,1,100.0
69,1.0,10:23:00,11:09:00,4A,11:09:00,12:20:00,Walk in,Day C,153,623.0,669.0,669.0,740.0,4A,Indoor,46.0,71.0,False,False,1,71.0
70,1.0,10:24:00,11:09:00,8A,11:09:00,12:10:00,Walk in,Day C,153,624.0,669.0,669.0,730.0,8A,Outdoor,45.0,61.0,False,False,1,61.0
71,1.0,10:25:00,11:15:00,,,,Walk in,Day C,153,625.0,675.0,,,,Unknown,50.0,,True,False,0,
72,1.0,10:40:00,11:10:00,2B,11:10:00,11:50:00,Walk in,Day C,153,640.0,670.0,670.0,710.0,2B,Indoor,30.0,40.0,False,False,1,40.0
73,2.0,10:41:00,11:12:00,16,11:12:00,11:43:00,Walk in,Day C,153,641.0,672.0,672.0,703.0,16,Unknown,31.0,31.0,False,False,1,31.0
74,1.0,10:53:00,11:05:00,,,,Walk in,Day C,153,653.0,665.0,,,,Unknown,12.0,,True,False,0,
75,3.0,10:55:00,11:40:00,13-14,11:40:00,12:30:00,In house,Day C,153,655.0,700.0,700.0,750.0,"13,14",Outdoor,45.0,50.0,False,False,2,100.0
76,2.0,11:00:00,11:14:00,2A,11:14:00,11:35:00,In house,Day C,153,660.0,674.0,674.0,695.0,2A,Indoor,14.0,21.0,False,False,1,21.0
77,1.0,11:14:00,11:15:00,,,,In house,Day C,153,674.0,675.0,,,,Unknown,1.0,,True,False,0,
78,0.0,11:14:00,11:20:00,,,,Walk in,Day C,153,674.0,680.0,,,,Unknown,6.0,,True,False,0,
79,2.0,11:15:00,11:20:00,7A,11:20:00,11:55:00,In house,Day C,153,675.0,680.0,680.0,715.0,7A,Outdoor,5.0,35.0,False,False,1,35.0
80,2.0,11:15:00,11:23:00,1B,11:23:00,12:20:00,In house,Day C,153,675.0,683.0,683.0,740.0,1B,Indoor,8.0,57.0,False,False,1,57.0
81,2.0,,,12,11:12:00,12:30:00,In house,Day C,153,,,672.0,750.0,12,Outdoor,,78.0,False,True,1,78.0
82,1.0,,,12,11:25:00,12:00:00,In house,Day C,153,,,685.0,720.0,12,Outdoor,,35.0,False,True,1,35.0
83,1.0,11:25:00,11:27:00,15B,11:27:00,12:00:00,In house,Day C,153,685.0,687.0,687.0,720.0,15B,Outdoor,2.0,33.0,False,False,1,33.0
84,1.0,,,4B,11:30:00,12:15:00,In house,Day C,153,,,690.0,735.0,4B,Indoor,,45.0,False,True,1,45.0
85,1.0,,,12,11:40:00,12:30:00,Walk in,Day C,153,,,700.0,750.0,12,Outdoor,,50.0,False,True,1,50.0
86,1.0,,,16,11:45:00,12:30:00,In house,Day C,153,,,705.0,750.0,16,Unknown,,45.0,False,True,1,45.0
1,1.0,,,10A,06:36:00,09:18:00,Walk in,Day D,173,,,396.0,558.0,10A,Outdoor,,162.0,False,True,1,162.0
2,2.0,,,5,06:37:00,07:47:00,Walk in,Day D,173,,,397.0,467.0,"5A,5B",Indoor,,70.0,False,True,2,140.0
3,1.0,,,6B,06:40:00,09:00:00,Walk in,Day D,173,,,400.0,540.0,6B,Indoor,,140.0,False,True,1,140.0
4,1.0,,,16,06:41:00,07:21:00,In house,Day D,173,,,401.0,441.0,16,Unknown,,40.0,False,True,1,40.0
5,2.0,,,7A,06:52:00,07:54:00,Walk in,Day D,173,,,412.0,474.0,7A,Outdoor,,62.0,False,True,1,62.0
6,1.0,,,1A,06:58:00,07:54:00,Walk in,Day D,173,,,418.0,474.0,1A,Indoor,,56.0,False,True,1,56.0
7,1.0,,,1B,07:00:00,07:23:00,In house,Day D,173,,,420.0,443.0,1B,Indoor,,23.0,False,True,1,23.0
8,4.0,,,4,07:00:00,08:34:00,In house,Day D,173,,,420.0,514.0,"4A,4B",Indoor,,94.0,False,True,2,188.0
9,1.0,,,8A,07:05:00,07:30:00,In house,Day D,173,,,425.0,450.0,8A,Outdoor,,25.0,False,True,1,25.0
10,1.0,,,7B,07:12:00,07:36:00,In house,Day D,173,,,432.0,456.0,7B,Outdoor,,24.0,False,True,1,24.0
11,2.0,,,8B,07:13:00,07:56:00,In house,Day D,173,,,433.0,476.0,8B,Outdoor,,43.0,False,True,1,43.0
12,2.0,,,12,07:15:00,07:42:00,In house,Day D,173,,,435.0,462.0,12,Outdoor,,27.0,False,True,1,27.0
13,2.0,,,4,07:20:00,07:56:00,In house,Day D,173,,,440.0,476.0,"4A,4B",Indoor,,36.0,False,True,2,72.0
14,1.0,,,11A,07:30:00,08:35:00,Walk in,Day D,173,,,450.0,515.0,11A,Outdoor,,65.0,False,True,1,65.0
15,1.0,,,3,07:30:00,07:41:00,In house,Day D,173,,,450.0,461.0,"3A,3B",Indoor,,11.0,False,True,2,22.0
16,2.0,,,1B,07:36:00,07:56:00,Walk in,Day D,173,,,456.0,476.0,1B,Indoor,,20.0,False,True,1,20.0
17,1.0,,,8A,07:35:00,08:02:00,In house,Day D,173,,,455.0,482.0,8A,Outdoor,,27.0,False,True,1,27.0
18,1.0,,,16,07:37:00,08:50:00,Walk in,Day D,173,,,457.0,530.0,16,Unknown,,73.0,False,True,1,73.0
19,2.0,,,6,07:40:00,11:20:00,Walk in,Day D,173,,,460.0,680.0,"6A,6B",Indoor,,220.0,False,True,2,440.0
20,1.0,,,7B,07:40:00,09:25:00,Walk in,Day D,173,,,460.0,565.0,7B,Outdoor,,105.0,False,True,1,105.0
21,1.0,,,7C,07:41:00,07:59:00,In house,Day D,173,,,461.0,479.0,7C,Outdoor,,18.0,False,True,1,18.0
22,1.0,,,12,07:46:00,07:56:00,In house,Day D,173,,,466.0,476.0,12,Outdoor,,10.0,False,True,1,10.0
23,2.0,,,3,07:48:00,08:46:00,In house,Day D,173,,,468.0,526.0,"3A,3B",Indoor,,58.0,False,True,2,116.0
24,2.0,,,14,07:51:00,08:21:00,Walk in,Day D,173,,,471.0,501.0,14,Outdoor,,30.0,False,True,1,30.0
25,6.0,,,4,07:56:00,08:56:00,Walk in,Day D,173,,,476.0,536.0,"4A,4B",Indoor,,60.0,False,True,2,120.0
26,2.0,,,1A,08:05:00,09:04:00,Walk in,Day D,173,,,485.0,544.0,1A,Indoor,,59.0,False,True,1,59.0
27,2.0,,,8B,08:05:00,08:52:00,In house,Day D,173,,,485.0,532.0,8B,Outdoor,,47.0,False,True,1,47.0
28,3.0,,,9,08:06:00,08:53:00,Walk in,Day D,173,,,486.0,533.0,"9A,9B,9C",Outdoor,,47.0,False,True,3,141.0
29,1.0,,,8A,08:16:00,09:29:00,Walk in,Day D,173,,,496.0,569.0,8A,Outdoor,,73.0,False,True,1,73.0
30,2.0,,,12,08:23:00,09:07:00,In house,Day D,173,,,503.0,547.0,12,Outdoor,,44.0,False,True,1,44.0
31,2.0,,,1B,08:24:00,09:49:00,Walk in,Day D,173,,,504.0,589.0,1B,Indoor,,85.0,False,True,1,85.0
32,1.0,,,2B,08:33:00,09:13:00,Walk in,Day D,173,,,513.0,553.0,2B,Indoor,,40.0,False,True,1,40.0
33,2.0,,,7A,08:43:00,09:21:00,In house,Day D,173,,,523.0,561.0,7A,Outdoor,,38.0,False,True,1,38.0
34,2.0,,,14,08:41:00,09:31:00,Walk in,Day D,173,,,521.0,571.0,14,Outdoor,,50.0,False,True,1,50.0
35,1.0,,,8C,08:43:00,09:20:00,Walk in,Day D,173,,,523.0,560.0,8C,Outdoor,,37.0,False,True,1,37.0
36,2.0,,,11B,08:50:00,09:30:00,In house,Day D,173,,,530.0,570.0,11B,Outdoor,,40.0,False,True,1,40.0
37,1.0,,,15,08:56:00,09:12:00,In house,Day D,173,,,536.0,552.0,15,Outdoor,,16.0,False,True,1,16.0
38,1.0,,,16,09:05:00,09:37:00,Walk in,Day D,173,,,545.0,577.0,16,Unknown,,32.0,False,True,1,32.0
39,2.0,,,4,09:05:00,11:15:00,Walk in,Day D,173,,,545.0,675.0,"4A,4B",Indoor,,130.0,False,True,2,260.0
40,2.0,,,8B,09:10:00,10:22:00,In house,Day D,173,,,550.0,622.0,8B,Outdoor,,72.0,False,True,1,72.0
41,2.0,,,1A,09:14:00,10:23:00,Walk in,Day D,173,,,554.0,623.0,1A,Indoor,,69.0,False,True,1,69.0
42,1.0,,,1B,09:16:00,10:46:00,Walk in,Day D,173,,,556.0,646.0,1B,Indoor,,90.0,False,True,1,90.0
43,3.0,,,11,09:30:00,10:06:00,In house,Day D,173,,,570.0,606.0,"11A,11B",Outdoor,,36.0,False,True,2,72.0
44,1.0,,,7A,09:32:00,09:53:00,In house,Day D,173,,,572.0,593.0,7A,Outdoor,,21.0,False,True,1,21.0
45,3.0,,,10,09:35:00,10:23:00,In house,Day D,173,,,575.0,623.0,"10A,10B",Outdoor,,48.0,False,True,2,96.0
46,1.0,,,8A,08:36:00,12:13:00,In house,Day D,173,,,516.0,733.0,8A,Outdoor,,217.0,False,True,1,217.0
47,2.0,,,2,09:41:00,10:06:00,In house,Day D,173,,,581.0,606.0,"2A,2B",Indoor,,25.0,False,True,2,50.0
48,2.0,,,16,09:45:00,10:18:00,In house,Day D,173,,,585.0,618.0,16,Unknown,,33.0,False,True,1,33.0
49,2.0,,,4,09:50:00,11:51:00,Walk in,Day D,173,,,590.0,711.0,"4A,4B",Indoor,,121.0,False,True,2,242.0
50,2.0,,,7A,09:52:00,11:00:00,Walk in,Day D,173,,,592.0,660.0,7A,Outdoor,,68.0,False,True,1,68.0
51,2.0,,,5B,09:54:00,10:54:00,In house,Day D,173,,,594.0,654.0,5B,Indoor,,60.0,False,True,1,60.0
52,1.0,,,5A,08:54:00,10:58:00,In house,Day D,173,,,534.0,658.0,5A,Indoor,,124.0,False,True,1,124.0
53,1.0,,,12,10:09:00,10:25:00,Walk in,Day D,173,,,609.0,625.0,12,Outdoor,,16.0,False,True,1,16.0
54,1.0,,,3,10:10:00,11:24:00,In house,Day D,173,,,610.0,684.0,"3A,3B",Indoor,,74.0,False,True,2,148.0
55,2.0,,,9,10:11:00,10:43:00,Walk in,Day D,173,,,611.0,643.0,"9A,9B,9C",Outdoor,,32.0,False,True,3,96.0
56,2.0,,,2,10:20:00,12:15:00,Walk in,Day D,173,,,620.0,735.0,"2A,2B",Indoor,,115.0,False,True,2,230.0
57,1.0,,,1A,10:28:00,11:08:00,Walk in,Day D,173,,,628.0,668.0,1A,Indoor,,40.0,False,True,1,40.0
58,3.0,,,7B/7A,10:35:00,11:23:00,In house,Day D,173,,,635.0,683.0,"7B,7A",Outdoor,,48.0,False,True,2,96.0
59,2.0,,,10,10:37:00,11:09:00,Walk in,Day D,173,,,637.0,669.0,"10A,10B",Outdoor,,32.0,False,True,2,64.0
60,3.0,,,15,10:39:00,12:11:00,Walk in,Day D,173,,,639.0,731.0,15,Outdoor,,92.0,False,True,1,92.0
61,2.0,,,14,10:40:00,11:24:00,In house,Day D,173,,,640.0,684.0,14,Outdoor,,44.0,False,True,1,44.0
62,2.0,,,16,10:44:00,11:40:00,Walk in,Day D,173,,,644.0,700.0,16,Unknown,,56.0,False,True,1,56.0
63,1.0,,,8C,10:50:00,11:30:00,In house,Day D,173,,,650.0,690.0,8C,Outdoor,,40.0,False,True,1,40.0
64,2.0,,,5,11:04:00,12:02:00,Walk in,Day D,173,,,664.0,722.0,"5A,5B",Indoor,,58.0,False,True,2,116.0
65,1.0,,,6B,11:05:00,11:25:00,Walk in,Day D,173,,,665.0,685.0,6B,Indoor,,20.0,False,True,1,20.0
66,1.0,,,7A,11:21:00,11:39:00,Walk in,Day D,173,,,681.0,699.0,7A,Outdoor,,18.0,False,True,1,18.0
67,2.0,,,9,11:24:00,11:48:00,In house,Day D,173,,,684.0,708.0,"9A,9B,9C",Outdoor,,24.0,False,True,3,72.0
68,1.0,,,1,11:23:00,12:02:00,Walk in,Day D,173,,,683.0,722.0,"1A,1B",Indoor,,39.0,False,True,2,78.0
69,1.0,,,7B,11:43:00,12:04:00,In house,Day D,173,,,703.0,724.0,7B,Outdoor,,21.0,False,True,1,21.0
1,1.0,,,4A,06:26:00,08:42:00,Walk in,Day E,183,,,386.0,522.0,4A,Indoor,,136.0,False,True,1,136.0
2,2.0,,,11,06:44:00,07:44:00,Walk in,Day E,183,,,404.0,464.0,"11A,11B",Outdoor,,60.0,False,True,2,120.0
3,1.0,,,7A,06:58:00,08:46:00,Walk in,Day E,183,,,418.0,526.0,7A,Outdoor,,108.0,False,True,1,108.0
4,2.0,,,16,07:07:00,07:53:00,In house,Day E,183,,,427.0,473.0,16,Unknown,,46.0,False,True,1,46.0
5,1.0,,,8A,02:29:00,07:50:00,In house,Day E,183,,,149.0,470.0,8A,Outdoor,,321.0,False,True,1,321.0
6,1.0,,,8C,07:34:00,07:47:00,In house,Day E,183,,,454.0,467.0,8C,Outdoor,,13.0,False,True,1,13.0
7,1.0,,,6,07:35:00,07:45:00,In house,Day E,183,,,455.0,465.0,"6A,6B",Indoor,,10.0,False,True,2,20.0
8,1.0,,,10B,07:44:00,07:59:00,In house,Day E,183,,,464.0,479.0,10B,Outdoor,,15.0,False,True,1,15.0
9,2.0,,,1,07:45:00,08:07:00,In house,Day E,183,,,465.0,487.0,"1A,1B",Indoor,,22.0,False,True,2,44.0
10,2.0,,,6,07:46:00,09:27:00,In house,Day E,183,,,466.0,567.0,"6A,6B",Indoor,,101.0,False,True,2,202.0
11,1.0,,,7B,07:49:00,08:13:00,In house,Day E,183,,,469.0,493.0,7B,Outdoor,,24.0,False,True,1,24.0
12,1.0,,,8A,07:55:00,09:21:00,Walk in,Day E,183,,,475.0,561.0,8A,Outdoor,,86.0,False,True,1,86.0
13,1.0,,,4B,07:58:00,08:59:00,Walk in,Day E,183,,,478.0,539.0,4B,Indoor,,61.0,False,True,1,61.0
14,2.0,,,16,08:03:00,08:35:00,Walk in,Day E,183,,,483.0,515.0,16,Unknown,,32.0,False,True,1,32.0
15,2.0,,,10B,08:05:00,08:50:00,In house,Day E,183,,,485.0,530.0,10B,Outdoor,,45.0,False,True,1,45.0
16,2.0,,,11A,08:06:00,08:36:00,In house,Day E,183,,,486.0,516.0,11A,Outdoor,,30.0,False,True,1,30.0
17,1.0,,,1A,08:15:00,09:00:00,Walk in,Day E,183,,,495.0,540.0,1A,Indoor,,45.0,False,True,1,45.0
18,1.0,,,1B,08:16:00,09:54:00,Walk in,Day E,183,,,496.0,594.0,1B,Indoor,,98.0,False,True,1,98.0
19,1.0,,,7B,08:18:00,09:37:00,Walk in,Day E,183,,,498.0,577.0,7B,Outdoor,,79.0,False,True,1,79.0
20,2.0,,,3,08:25:00,09:05:00,In house,Day E,183,,,505.0,545.0,"3A,3B",Indoor,,40.0,False,True,2,80.0
21,2.0,,,8B,08:28:00,09:06:00,In house,Day E,183,,,508.0,546.0,8B,Outdoor,,38.0,False,True,1,38.0
22,2.0,,,15,08:29:00,09:19:00,Walk in,Day E,183,,,509.0,559.0,15,Outdoor,,50.0,False,True,1,50.0
23,4.0,,,2,08:30:00,09:10:00,In house,Day E,183,,,510.0,550.0,"2A,2B",Indoor,,40.0,False,True,2,80.0
24,1.0,,,16,08:40:00,09:29:00,Walk in,Day E,183,,,520.0,569.0,16,Unknown,,49.0,False,True,1,49.0
25,2.0,,,11B,08:42:00,09:35:00,In house,Day E,183,,,522.0,575.0,11B,Outdoor,,53.0,False,True,1,53.0
26,3.0,,,5,08:43:00,08:58:00,In house,Day E,183,,,523.0,538.0,"5A,5B",Indoor,,15.0,False,True,2,30.0
27,1.0,,,7B,08:44:00,09:13:00,In house,Day E,183,,,524.0,553.0,7B,Outdoor,,29.0,False,True,1,29.0
28,5.0,,,12/13,08:47:00,10:26:00,Walk in,Day E,183,,,527.0,626.0,"12,13",Outdoor,,99.0,False,True,2,198.0
29,1.0,,,4A,08:49:00,09:25:00,Walk in,Day E,183,,,529.0,565.0,4A,Indoor,,36.0,False,True,1,36.0
30,1.0,,,7A,08:49:00,10:55:00,In house,Day E,183,,,529.0,655.0,7A,Outdoor,,126.0,False,True,1,126.0
31,1.0,,,14,08:43:00,09:35:00,In house,Day E,183,,,523.0,575.0,14,Outdoor,,52.0,False,True,1,52.0
32,2.0,,,5B,09:00:00,10:00:00,In house,Day E,183,,,540.0,600.0,5B,Indoor,,60.0,False,True,1,60.0
33,1.0,,,8B,09:08:00,10:03:00,Walk in,Day E,183,,,548.0,603.0,8B,Outdoor,,55.0,False,True,1,55.0
34,2.0,,,1A,09:11:00,10:11:00,In house,Day E,183,,,551.0,611.0,1A,Indoor,,60.0,False,True,1,60.0
35,4.0,,,9,09:12:00,10:08:00,Walk in,Day E,183,,,552.0,608.0,"9A,9B,9C",Outdoor,,56.0,False,True,3,168.0
36,2.0,,,3,09:13:00,10:05:00,Walk in,Day E,183,,,553.0,605.0,"3A,3B",Indoor,,52.0,False,True,2,104.0
37,2.0,,,4B/5A,09:20:00,09:54:00,Walk in,Day E,183,,,560.0,594.0,"4B,5A",Indoor,,34.0,False,True,2,68.0
38,2.0,,,15,09:22:00,10:15:00,Walk in,Day E,183,,,562.0,615.0,15,Outdoor,,53.0,False,True,1,53.0
39,1.0,,,4A,09:37:00,10:46:00,Walk in,Day E,183,,,577.0,646.0,4A,Indoor,,69.0,False,True,1,69.0
40,1.0,,,6B,09:47:00,12:10:00,Walk in,Day E,183,,,587.0,730.0,6B,Indoor,,143.0,False,True,1,143.0
41,1.0,,,6A,09:48:00,10:45:00,Walk in,Day E,183,,,588.0,645.0,6A,Indoor,,57.0,False,True,1,57.0
42,4.0,,,2,09:49:00,11:41:00,Walk in,Day E,183,,,589.0,701.0,"2A,2B",Indoor,,112.0,False,True,2,224.0
43,2.0,,,16,09:56:00,10:45:00,Walk in,Day E,183,,,596.0,645.0,16,Unknown,,49.0,False,True,1,49.0
44,2.0,,,7B,09:58:00,10:17:00,In house,Day E,183,,,598.0,617.0,7B,Outdoor,,19.0,False,True,1,19.0
45,2.0,,,14,09:59:00,10:28:00,In house,Day E,183,,,599.0,628.0,14,Outdoor,,29.0,False,True,1,29.0
46,2.0,,,1B,10:03:00,10:49:00,In house,Day E,183,,,603.0,649.0,1B,Indoor,,46.0,False,True,1,46.0
47,3.0,,,4B/5A,10:05:00,11:02:00,In house,Day E,183,,,605.0,662.0,"4B,5A",Indoor,,57.0,False,True,2,114.0
48,2.0,,,11A,10:10:00,10:52:00,In house,Day E,183,,,610.0,652.0,11A,Outdoor,,42.0,False,True,1,42.0
49,2.0,,,8A,10:16:00,11:02:00,Walk in,Day E,183,,,616.0,662.0,8A,Outdoor,,46.0,False,True,1,46.0
50,1.0,,,1A,10:19:00,11:30:00,Walk in,Day E,183,,,619.0,690.0,1A,Indoor,,71.0,False,True,1,71.0
51,4.0,,,9,10:28:00,12:15:00,Walk in,Day E,183,,,628.0,735.0,"9A,9B,9C",Outdoor,,107.0,False,True,3,321.0
52,1.0,,,14,10:30:00,11:28:00,In house,Day E,183,,,630.0,688.0,14,Outdoor,,58.0,False,True,1,58.0
53,1.0,,,8C,10:30:00,11:13:00,In house,Day E,183,,,630.0,673.0,8C,Outdoor,,43.0,False,True,1,43.0
54,2.0,,,7B,10:36:00,11:50:00,Walk in,Day E,183,,,636.0,710.0,7B,Outdoor,,74.0,False,True,1,74.0
55,1.0,,,10B,10:38:00,11:58:00,In house,Day E,183,,,638.0,718.0,10B,Outdoor,,80.0,False,True,1,80.0
56,2.0,,,15,10:34:00,11:24:00,Walk in,Day E,183,,,634.0,684.0,15,Outdoor,,50.0,False,True,1,50.0
57,2.0,,,3,10:35:00,11:12:00,In house,Day E,183,,,635.0,672.0,"3A,3B",Indoor,,37.0,False,True,2,74.0
58,1.0,,,1B,10:39:00,13:30:00,Walk in,Day E,183,,,639.0,810.0,1B,Indoor,,171.0,False,True,1,171.0
59,3.0,,,12/13,10:41:00,11:40:00,Walk in,Day E,183,,,641.0,700.0,"12,13",Outdoor,,59.0,False,True,2,118.0
60,2.0,,,16,10:54:00,11:58:00,Walk in,Day E,183,,,654.0,718.0,16,Unknown,,64.0,False,True,1,64.0
61,1.0,,,4A,10:56:00,11:39:00,Walk in,Day E,183,,,656.0,699.0,4A,Indoor,,43.0,False,True,1,43.0
62,1.0,,,5B,11:53:00,11:28:00,In house,Day E,183,,,713.0,688.0,5B,Indoor,,,False,True,1,
63,2.0,,,7A,11:00:00,11:59:00,In house,Day E,183,,,660.0,719.0,7A,Outdoor,,59.0,False,True,1,59.0
64,1.0,,,8A,11:08:00,11:44:00,Walk in,Day E,183,,,668.0,704.0,8A,Outdoor,,36.0,False,True,1,36.0
65,3.0,,,11A/11B,11:10:00,12:14:00,In house,Day E,183,,,670.0,734.0,"11A,11B",Outdoor,,64.0,False,True,2,128.0
66,2.0,,,15,11:28:00,11:51:00,In house,Day E,183,,,688.0,711.0,15,Outdoor,,23.0,False,True,1,23.0
67,1.0,,,7C,11:29:00,12:14:00,In house,Day E,183,,,689.0,734.0,7C,Outdoor,,45.0,False,True,1,45.0
68,1.0,,,4,11:39:00,13:30:00,Walk in,Day E,183,,,699.0,810.0,"4A,4B",Indoor,,111.0,False,True,2,222.0
69,1.0,,,8B,11:40:00,11:54:00,In house,Day E,183,,,700.0,714.0,8B,Outdoor,,14.0,False,True,1,14.0
70,1.0,,,5A,11:43:00,12:20:00,In house,Day E,183,,,703.0,740.0,5A,Indoor,,37.0,False,True,1,37.0
